Name,Label
Aadorf,1
Aarau,6
Aarberg,0
Aarburg,3
Aarwangen,0
Abtwil,1
Aclens,6
Acquarossa,4
Adelboden,0
Adligenswil,7
Adlikon,0
Adliswil,3
Aedermannsdorf,5
Aefligen,0
Aegerten,0
Aesch (BL),7
Aesch (LU),5
Aesch (ZH),3
Aeschi (SO),7
Aeschi bei Spiez,0
Aeugst am Albis,2
Affeltrangen,0
Affoltern am Albis,3
Affoltern im Emmental,0
Agarn,5
Agiez,6
Agno,4
Aigle,6
Aire-la-Ville,7
Airolo,4
Alberswil,5
Albinen,5
Albula/Alvra,5
Alchenstorf,0
Allaman,6
Alle,5
Allmendingen,0
Allschwil,7
Alpnach,0
Alpthal,0
Altbüron,5
Altdorf (UR),5
Altendorf,1
Alterswil,5
Altikon,0
Altishofen,5
Altnau,3
Alto Malcantone,4
Altstätten,1
Altwis,5
Amden,1
Amlikon-Bissegg,0
Ammerswil,1
Amriswil,1
Amsoldingen,0
Andeer,0
Andelfingen,2
Andermatt,5
Andiast,5
Andwil (SG),5
Anières,6
Anniviers,5
Anwil,2
Appenzell,5
Apples,6
Aranno,4
Arbaz,5
Arbedo-Castione,4
Arboldswil,0
Arbon,3
Arch,0
Arconciel,5
Ardon,5
Arisdorf,3
Aristau,1
Arlesheim,6
Arnex-sur-Nyon,6
Arnex-sur-Orbe,6
Arni (AG),1
Arni (BE),0
Arogno,4
Arosa,0
Arth,5
Arzier-Le Muids,6
Ascona,4
Assens,7
Astano,4
Attalens,7
Attelwil,0
Attinghausen,5
Attiswil,0
Au (SG),1
Aubonne,6
Auboranges,5
Auenstein,3
Augst,3
Ausserberg,5
Auswil,0
Autafond,5
Autigny,5
Auw,1
Avegno Gordevio,4
Avenches,6
Avers,5
Avry,7
Avully,6
Avusy,6
Ayent,5
Baar,5
Bachenbülach,3
Bachs,0
Bad Ragaz,1
Bad Zurzach,1
Baden,6
Bagnes,5
Baldingen,1
Balerna,4
Balgach,1
Ballaigues,3
Ballens,6
Ballwil,5
Balm bei Günsberg,7
Balsthal,5
Baltschieder,5
Bangerten,0
Bannwil,0
Barberêche,5
Bardonnex,4
Bargen (BE),0
Bargen (SH),0
Bas-Intyamon,5
Bas-Vully,7
Basadingen-Schlattingen,0
Basel,6
Basse-Allaine,4
Bassersdorf,1
Bassins,6
Bauen,5
Baulmes,2
Bauma,0
Bavois,2
Beatenberg,0
Beckenried,0
Bedano,4
Bedigliora,4
Bedretto,4
Beggingen,0
Begnins,6
Beinwil (Freiamt),1
Beinwil (SO),5
Beinwil am See,3
Belfaux,5
Bellach,7
Bellevue,6
Bellikon,1
Bellinzona,4
Bellmund,2
Bellwald,5
Belmont-sur-Lausanne,6
Belmont-sur-Yverdon,6
Belp,0
Belprahon,7
Benken (SG),5
Benken (ZH),0
Bennwil,0
Bercher,6
Berg (SG),1
Berg (TG),1
Berg am Irchel,0
Bergdietikon,1
Bergün/Bravuogn,7
Berikon,3
Beringen,0
Berken,0
Berlingen,3
Bern,6
Berneck,1
Bernex,6
Berolle,2
Beromünster,5
Besenbüren,0
Bettenhausen,0
Bettens,6
Bettingen,6
Bettlach,7
Bettmeralp,5
Bettwiesen,1
Bettwil,1
Beurnevésin,5
Bevaix,6
Bever,2
Bex,6
Biasca,4
Biberist,7
Biberstein,3
Bichelsee-Balterswil,5
Biel-Benken,7
Biel/Bienne,2
Biezwil,6
Biglen,0
Billens-Hennens,7
Binn,5
Binningen,6
Bioggio,4
Bioley-Magnoux,2
Bioley-Orjulaz,6
Birmensdorf (ZH),3
Birmenstorf (AG),1
Birr,1
Birrhard,0
Birrwil,3
Birsfelden,7
Birwinken,0
Bischofszell,1
Bissone,4
Bister,5
Bitsch,5
Bivio,7
Bière,6
Blatten,5
Blauen,5
Bleienbach,0
Blenio,4
Blitzingen,5
Blonay,6
Blumenstein,0
Bodio,4
Bofflens,2
Bogis-Bossey,6
Bolken,7
Bolligen,2
Boltigen,0
Bonaduz,5
Boncourt,5
Bonfol,5
Boningen,3
Boniswil,1
Bonstetten,3
Bonvillars,6
Boppelsen,1
Borex,6
Bosco/Gurin,4
Bossonnens,7
Boswil,1
Bottens,7
Bottenwil,0
Botterens,5
Bottighofen,7
Bottmingen,7
Boudry,6
Bougy-Villars,6
Boulens,6
Bourg-Saint-Pierre,4
Bourg-en-Lavaux,6
Bournens,2
Bourrignon,5
Boussens,2
Bovernier,4
Bowil,0
Boécourt,6
Braunau,0
Bregaglia,6
Breggia,4
Breil/Brigels,5
Breitenbach,6
Bremblens,6
Bremgarten (AG),3
Bremgarten bei Bern,6
Brenles,2
Brenzikofen,0
Bretigny-sur-Morrens,6
Bretonnières,6
Bretzwil,0
Brienz (BE),0
Brienzwiler,0
Brig-Glis,5
Brione (Verzasca),4
Brione sopra Minusio,4
Brislach,1
Brissago,4
Brittnau,0
Broc,5
Brot-Dessous,2
Brot-Plamboz,6
Brugg,7
Brunegg,0
Brusino Arsizio,4
Brusio,1
Brügg,2
Brünisried,1
Brüttelen,0
Brütten,3
Bubendorf,2
Bubikon,0
Buch (SH),0
Buch am Irchel,0
Buchberg,0
Buchegg,6
Buchholterberg,0
Buchillon,6
Buchrain,7
Buchs (AG),3
Buchs (SG),3
Buchs (ZH),1
Buckten,2
Bulle,7
Bullet,2
Buochs,0
Bure,5
Burg (AG),0
Burg im Leimental,7
Burgdorf,2
Burgistein,0
Bursinel,6
Bursins,6
Burtigny,2
Buseno,5
Bussigny,6
Bussnang,0
Busswil bei Melchnau,0
Bussy (FR),5
Bussy-Chardonney,6
Bussy-sur-Moudon,6
Buttisholz,5
Buttwil,1
Buus,0
Bäretswil,0
Bäriswil,0
Bärschwil,5
Bätterkinden,0
Bättwil,7
Böbikon,0
Böckten,2
Bönigen,0
Bösingen,5
Böttstein,1
Bözberg,1
Bözen,0
Büetigen,0
Bühl,0
Bühler,6
Bülach,2
Bünzen,0
Bürchen,5
Büren (SO),7
Büren an der Aare,0
Bürglen (TG),1
Bürglen (UR),5
Büron,5
Büsserach,5
Bütschwil-Ganterschwil,1
Büttenhardt,0
Büttikon,1
Cademario,4
Cadempino,4
Cadenazzo,4
Calanca,5
Cama,5
Camorino,4
Campo (Vallemaggia),4
Canobbio,4
Capriasca,4
Carouge (GE),6
Carrouge (VD),6
Cartigny,6
Caslano,4
Castaneda,5
Castel San Pietro,4
Casti-Wergenstein,3
Cazis,5
Celerina/Schlarigna,6
Centovalli,4
Cerentino,4
Cevio,4
Chalais,5
Cham,5
Chamblon,6
Chamoson,5
Champagne,6
Champoz,0
Champtauroz,6
Champvent,2
Champéry,5
Chancy,6
Chapelle (Glâne),5
Chardonne,6
Charrat,6
Chavannes-de-Bogis,7
Chavannes-des-Bois,6
Chavannes-le-Chêne,2
Chavannes-le-Veyron,2
Chavannes-près-Renens,6
Chavannes-sur-Moudon,2
Chavornay,6
Cheiry,5
Chermignon,5
Chesalles-sur-Moudon,6
Cheseaux-Noréaz,6
Cheseaux-sur-Lausanne,6
Chessel,6
Chevilly,6
Chevroux,6
Chexbres,6
Cheyres,7
Chiasso,4
Chigny,6
Chippis,5
Choulex,6
Chur,5
Churwalden,3
Châbles,7
Château-d'Oex,6
Châtel-Saint-Denis,5
Châtel-sur-Montsalvens,3
Châtillon (FR),5
Châtillon (JU),5
Châtonnaye,7
Chénens,7
Chéserex,6
Chésopelloz,5
Chêne-Bougeries,6
Chêne-Bourg,6
Chêne-Pâquier,6
Clarmont,6
Claro,4
Clavaleyres,4
Clos du Doubs,5
Coeuve,4
Coinsins,6
Coldrerio,4
Collex-Bossy,6
Collina d'Oro,4
Collombey-Muraz,5
Collonge-Bellerive,6
Collonges,4
Cologny,6
Comano,4
Commugny,6
Concise,6
Confignon,6
Conters im Prättigau,0
Conthey,5
Coppet,6
Corban,5
Corbeyrier,2
Corbières,5
Corcelles (BE),0
Corcelles-Cormondrèche,6
Corcelles-le-Jorat,6
Corcelles-près-Concise,6
Corcelles-près-Payerne,6
Corcelles-sur-Chavornay,6
Corgémont,0
Corippo,4
Corminboeuf,5
Cormoret,0
Cornaux,6
Cornol,4
Corpataux-Magnedens,7
Corseaux,6
Corserey,5
Corsier (GE),6
Corsier-sur-Vevey,6
Cortaillod,6
Cortébert,0
Cossonay,6
Cottens (FR),5
Cottens (VD),6
Courchapoix,4
Courchavon,5
Courgenay,4
Courgevaux,3
Courlevon,1
Courrendlin,5
Courroux,5
Court,0
Courtedoux,4
Courtelary,0
Courtepin,5
Courtételle,4
Crans-près-Céligny,6
Crassier,6
Cremin,0
Cresciano,4
Cressier (FR),7
Cressier (NE),6
Crissier,6
Croglio,4
Cronay,6
Croy,6
Crémines,0
Crésuz,5
Cuarnens,6
Cuarny,0
Cudrefin,6
Cugnasco-Gerra,4
Cugy (FR),5
Cugy (VD),6
Cunter,5
Cureglia,4
Curio,4
Curtilles,6
Céligny,6
Dachsen,2
Dagmersellen,5
Daillens,6
Dallenwil,0
Dalpe,4
Damphreux,5
Dardagny,6
Davos,2
Degersheim,3
Deisswil bei Münchenbuchsee,4
Deitingen,5
Delley-Portalban,5
Delémont,4
Denens,6
Denges,6
Densbüren,0
Derendingen,7
Develier,4
Diegten,2
Dielsdorf,1
Diemerswil,0
Diemtigen,0
Diepflingen,3
Diepoldsau,1
Dierikon,1
Diessbach bei Büren,0
Diessenhofen,1
Dietikon,3
Dietlikon,3
Dietwil,1
Dinhard,0
Dintikon,0
Disentis/Mustér,5
Dittingen,5
Dizy,6
Domat/Ems,5
Domdidier,5
Domleschg,5
Dompierre (FR),5
Dompierre (VD),2
Donat,4
Donneloye,2
Doppleschwand,5
Dorf,0
Dornach,6
Dorénaz,6
Dottikon,1
Dotzigen,0
Dozwil,0
Drei Höfe,3
Duggingen,3
Duillier,6
Dulliken,7
Dully,6
Dägerlen,0
Dällikon,0
Däniken,3
Dänikon,0
Därligen,0
Därstetten,0
Dättlikon,1
Démoret,2
Dörflingen,0
Döttingen,1
Dübendorf,1
Düdingen,5
Dürnten,1
Dürrenroth,0
Dürrenäsch,0
Ebersecken,5
Ebikon,7
Ebnat-Kappel,1
Echallens,6
Echandens,6
Echarlens,7
Echichens,6
Eclépens,6
Ecublens (FR),5
Ecublens (VD),6
Ederswiler,0
Effingen,1
Egerkingen,5
Egg,3
Eggenwil,1
Eggerberg,5
Eggersriet,1
Eggiwil,0
Eglisau,2
Egliswil,0
Egnach,1
Egolzwil,5
Ehrendingen,1
Eich,5
Eichberg,1
Eiken,1
Einsiedeln,5
Eischoll,5
Eisten,5
Elfingen,2
Elgg,0
Ellikon an der Thur,0
Elsau,0
Embd,5
Embrach,1
Emmen,3
Emmetten,0
Endingen,3
Engelberg,0
Enges,6
Ennetbaden,6
Ennetbürgen,0
Ennetmoos,0
Entlebuch,5
Epalinges,6
Ependes (FR),5
Ependes (VD),6
Eppenberg-Wöschnau,3
Epsach,0
Eptingen,0
Ergisch,5
Eriswil,0
Eriz,0
Erlach,2
Erlen,1
Erlenbach (ZH),6
Erlenbach im Simmental,0
Erlinsbach (AG),3
Erlinsbach (SO),3
Ermatingen,3
Ermensee,5
Ernen,5
Erschwil,5
Ersigen,0
Erstfeld,5
Eschenbach (LU),5
Eschenbach (SG),1
Eschenz,1
Eschert,0
Eschlikon,1
Escholzmatt-Marbach,5
Essert-Pittet,2
Essertes,6
Essertines-sur-Rolle,6
Essertines-sur-Yverdon,6
Estavayer-le-Lac,5
Etagnières,6
Etoy,6
Ettingen,3
Ettiswil,5
Etziken,5
Evilard,6
Evionnaz,5
Evolène,5
Eysins,6
Fahrni,0
Fahrwangen,1
Fahy,5
Faido,4
Falera,5
Faoug,6
Farnern,0
Farvagny,5
Fehraltorf,1
Fehren,1
Felben-Wellhausen,1
Feldbrunnen-St. Niklaus,6
Felsberg,0
Ferden,5
Ferenbalm,0
Ferlens (VD),6
Ferpicloz,7
Ferrera,0
Ferreyres,6
Feuerthalen,2
Feusisberg,1
Fey,6
Fideris,0
Fiesch,5
Fieschertal,5
Fiez,6
Filisur,6
Finhaut,5
Finsterhennen,0
Fischbach,5
Fischbach-Göslikon,1
Fischenthal,0
Fischingen,1
Fisibach,1
Fislisbach,3
Flaach,0
Flawil,3
Flerden,5
Flims,7
Flumenthal,3
Flums,1
Flurlingen,3
Fläsch,0
Flüelen,5
Flühli,5
Fontaines-sur-Grandson,0
Fontenais,4
Forel (Lavaux),6
Forel-sur-Lucens,6
Forst-Längenbühl,0
Founex,6
Frasco,4
Fraubrunnen,0
Frauenfeld,3
Frauenkappelen,0
Freienbach,1
Freienstein-Teufen,0
Freienwil,3
Freimettigen,0
Frenkendorf,6
Fresens,2
Fribourg,5
Frick,1
Froideville,6
Frutigen,0
Fräschels,1
Fulenbach,5
Full-Reuenthal,1
Fully,5
Furna,0
Fällanden,3
Féchy,6
Fétigny,5
Füllinsdorf,7
Fürstenau,2
Gachnang,1
Gais,6
Gaiserwald,1
Galgenen,1
Galmiz,1
Gals,0
Gambarogno,4
Gampel-Bratsch,5
Gampelen,0
Gams,5
Gansingen,5
Gebenstorf,3
Gelterfingen,0
Gelterkinden,6
Geltwil,7
Gempen,3
Gempenach,0
Genolier,6
Genthod,6
Genève,6
Gerlafingen,7
Geroldswil,1
Gersau,5
Gerzensee,0
Gettnau,5
Geuensee,5
Giebenach,0
Giez,6
Giffers,5
Gilly,3
Gimel,6
Gingins,6
Giornico,4
Gipf-Oberfrick,3
Gisikon,1
Giswil,0
Giubiasco,4
Givisiez,5
Givrins,6
Gland,6
Glarus,4
Glarus Nord,4
Glarus Süd,4
Glattfelden,0
Gletterens,5
Gnosca,4
Golaten,0
Goldach,1
Gollion,3
Gommiswald,1
Gondiswil,0
Gonten,5
Gontenschwil,0
Gordola,4
Gorduno,4
Gorgier,6
Gossau (SG),1
Gossau (ZH),1
Gottlieben,7
Goumoëns,6
Graben,0
Grabs,3
Grafschaft,5
Grancia,4
Grancy,6
Grandcour,6
Grandevent,2
Grandfontaine,5
Grandson,6
Grandval,0
Grandvillard,5
Granges (Veveyse),5
Granges-Paccot,5
Grangettes,5
Gravesano,4
Greifensee,3
Grellingen,7
Grenchen,3
Greng,1
Grengiols,5
Grens,6
Greppen,5
Gresso,4
Gretzenbach,3
Grimisuat,5
Grindel,1
Grindelwald,0
Grolley,5
Grono,5
Grossaffoltern,0
Grossdietwil,5
Grosshöchstetten,0
Grosswangen,5
Grub (AR),2
Gruyères,5
Gryon,6
Grächen,5
Gränichen,1
Grône,5
Grüningen,0
Grüsch,0
Gsteig,0
Gsteigwiler,0
Gudo,4
Guggisberg,0
Gunzgen,5
Gurbrü,0
Gurmels,5
Gurtnellen,5
Gurzelen,0
Guttannen,0
Guttet-Feschel,5
Gy,6
Gächlingen,0
Gänsbrunnen,5
Göschenen,5
Gündlischwand,0
Günsberg,3
Güttingen,1
Habkern,0
Habsburg,3
Hagenbuch,0
Hagneck,0
Haldenstein,4
Hallau,0
Hallwil,0
Halten,7
Hasle (LU),5
Hasle bei Burgdorf,0
Hasliberg,0
Hauenstein-Ifenthal,5
Hauptwil-Gottshaus,1
Hausen (AG),1
Hausen am Albis,2
Haut-Intyamon,5
Haut-Vully,6
Haute-Ajoie,5
Haute-Sorne,4
Hauterive (FR),5
Hauterive (NE),6
Hauteville,5
Hedingen,3
Hefenhofen,1
Heiden,6
Heiligenschwendi,0
Heimberg,0
Heimenhausen,0
Heimiswil,0
Heitenried,5
Hellikon,0
Hellsau,4
Hemberg,1
Hemishofen,0
Hemmiken,0
Hendschiken,0
Henggart,0
Henniez,6
Herbetswil,5
Herbligen,0
Herdern,1
Hergiswil (NW),0
Hergiswil bei Willisau,5
Herisau,2
Hermance,6
Hermenches,2
Hermiswil,0
Hermrigen,0
Herrliberg,6
Hersberg,0
Herznach,0
Herzogenbuchsee,0
Hettlingen,3
Hildisrieden,5
Hilterfingen,2
Himmelried,3
Hindelbank,0
Hinterrhein,4
Hinwil,0
Hirschthal,1
Hirzel,3
Hittnau,0
Hitzkirch,5
Hochdorf,5
Hochfelden,0
Hochwald,7
Hofstetten (ZH),0
Hofstetten bei Brienz,0
Hofstetten-Flüh,7
Hohenrain,5
Hohentannen,0
Holderbank (AG),0
Holderbank (SO),5
Holziken,0
Homberg,0
Hombrechtikon,1
Homburg,0
Honau,1
Horgen,3
Horn,1
Hornussen,1
Horrenbach-Buchen,0
Horriwil,7
Horw,7
Hospental,5
Hubersdorf,7
Humlikon,0
Hundwil,0
Hunzenschwil,0
Huttwil,0
Häfelfingen,2
Hägendorf,3
Häggenschwil,5
Hägglingen,1
Härkingen,1
Häutligen,0
Hérémence,5
Höchstetten,0
Hölstein,2
Höri,0
Hünenberg,5
Hüniken,5
Hüntwangen,0
Hütten,0
Hüttikon,0
Hüttlingen,0
Hüttwilen,1
Icogne,7
Iffwil,0
Ilanz/Glion,5
Illgau,1
Illnau-Effretikon,3
Inden,5
Ingenbohl,5
Inkwil,0
Innerthal,5
Innertkirchen,0
Ins,0
Interlaken,0
Inwil,5
Ipsach,2
Iragna,4
Iseltwald,0
Isenthal,5
Islisberg,1
Isone,4
Isorno,4
Isérables,4
Itingen,2
Ittigen,2
Jaberg,4
Jaun,1
Jegenstorf,0
Jenaz,0
Jenins,0
Jens,0
Jeuss,7
Jonen,1
Jongny,6
Jonschwil,1
Jorat-Menthue,6
Jouxtens-Mézery,6
Juriens,6
Jussy,6
Kaiseraugst,3
Kaiserstuhl,3
Kaisten,1
Kallern,0
Kallnach,0
Kaltbrunn,1
Kammersrohr,4
Kandergrund,0
Kandersteg,0
Kappel (SO),7
Kappel am Albis,0
Kappelen,0
Kaufdorf,0
Kehrsatz,2
Kemmental,1
Kernenried,0
Kerns,0
Kerzers,3
Kesswil,1
Kestenholz,5
Kienberg,5
Kiesen,0
Kilchberg (BL),2
Kilchberg (ZH),6
Killwangen,1
Kippel,5
Kirchberg (BE),0
Kirchberg (SG),1
Kirchdorf (BE),0
Kirchenthurnen,0
Kirchleerau,0
Kirchlindach,2
Kleinandelfingen,0
Kleinbösingen,5
Kleinlützel,7
Klingnau,3
Klosters-Serneus,0
Kloten,1
Knonau,2
Knutwil,5
Koblenz,1
Konolfingen,0
Koppigen,0
Kradolf-Schönenberg,1
Krattigen,0
Krauchthal,0
Kreuzlingen,7
Kriechenwil,0
Kriegstetten,3
Kriens,7
Kyburg,0
Känerkinden,2
Kölliken,1
Köniz,2
Küblis,0
Künten,1
Küsnacht (ZH),6
Küssnacht (SZ),7
Küttigen,3
L'Abbaye,6
L'Abergement,2
L'Isle,6
La Baroche,5
La Brillaz,5
La Brévine,2
La Chaux (Cossonay),6
La Chaux-de-Fonds,6
La Chaux-des-Breuleux,5
La Chaux-du-Milieu,6
La Côte-aux-Fées,3
La Ferrière,0
La Folliaz,5
La Neuveville,6
La Praz,2
La Punt-Chamues-ch,0
La Rippe,6
La Roche,5
La Sagne,6
La Sarraz,6
La Sonnaz,5
La Tour-de-Peilz,6
La Tène,6
La Verrerie,5
Laax,5
Lachen,7
Laconnex,5
Lajoux (JU),4
Lalden,5
Lamone,4
Lampenberg,3
Lancy,6
Landiswil,0
Landquart,0
Langenbruck,2
Langendorf,7
Langenthal,2
Langnau am Albis,3
Langnau im Emmental,0
Langrickenbach,0
Lantsch/Lenz,5
Lauenen,0
Lauerz,5
Laufen,5
Laufen-Uhwiesen,1
Laufenburg,1
Laupen,2
Laupersdorf,5
Lauperswil,0
Lausanne,6
Lausen,2
Lauterbrunnen,0
Lauwil,2
Lavertezzo,4
Lavey-Morcles,3
Lavigny,6
Lavizzara,4
Lax,5
Le Bémont (JU),5
Le Cerneux-Péquignot,6
Le Chenit,6
Le Châtelard,5
Le Flon,5
Le Glèbe,7
Le Grand-Saconnex,6
Le Landeron,6
Le Lieu,6
Le Locle,6
Le Mont-sur-Lausanne,6
Le Mouret,5
Le Noirmont,4
Le Pâquier (FR),5
Le Vaud,6
Leggia,5
Leibstadt,0
Leimbach (AG),0
Leissigen,0
Lengnau (AG),1
Lengnau (BE),0
Lengwil,1
Lenk,0
Lens,5
Lenzburg,6
Les Agettes,5
Les Bois,4
Les Brenets,6
Les Breuleux,4
Les Clées,6
Les Enfers,5
Les Genevez (JU),5
Les Montets,5
Les Planchettes,6
Les Ponts-de-Martel,6
Les Verrières,6
Leuggern,0
Leuk,5
Leukerbad,5
Leutwil,0
Leuzigen,0
Leysin,6
Leytron,5
Lichtensteig,3
Liddes,5
Liedertswil,0
Liesberg,5
Liestal,6
Ligerz,2
Lignerolle,0
Lignières,6
Lindau,1
Linden,0
Linescio,6
Locarno,4
Lodrino,4
Lohn (GR),6
Lohn (SH),0
Lohn-Ammannsegg,6
Lohnstorf,0
Lommis,0
Lommiswil,7
Lonay,6
Longirod,6
Losone,4
Lostallo,7
Lostorf,7
Lotzwil,0
Lovatens,2
Loveresse,0
Lucens,6
Lufingen,1
Lugano,4
Lugnez,5
Luins,3
Lully (FR),5
Lully (VD),6
Lumino,4
Lumnezia,5
Lungern,0
Lupfig,0
Lupsingen,6
Lurtigen,3
Lussery-Villars,6
Lussy-sur-Morges,6
Luterbach,7
Luthern,5
Lutry,6
Lutzenberg,2
Luzein,0
Luzern,7
Lyss,0
Lyssach,0
Läufelfingen,2
Léchelles,5
Löhningen,0
Lüscherz,0
Lüsslingen-Nennigkofen,6
Lüterkofen-Ichertswil,6
Lüterswil-Gächliwil,6
Lütisburg,5
Lütschental,0
Lützelflüh,0
Madiswil,0
Madulain,2
Magden,3
Maggia,4
Magliaso,4
Maienfeld,0
Maisprach,2
Maladers,0
Malans,2
Malters,5
Mammern,1
Mandach,0
Manno,4
Maracon,6
Marbach (SG),1
Marchissy,6
Marly,5
Marmorera,5
Maroggia,4
Marsens,5
Marthalen,0
Martigny,6
Martigny-Combe,4
Maschwanden,0
Masein,6
Massagno,4
Massongex,5
Massonnens,7
Mathod,2
Mathon,4
Matran,5
Matten bei Interlaken,0
Mattstetten,0
Matzendorf,5
Matzingen,1
Mauborget,1
Mauensee,5
Maur,3
Mauraz,2
Medel (Lucmagn),5
Meggen,7
Meienried,4
Meierskappel,1
Meikirch,2
Meilen,6
Meinier,6
Meinisberg,0
Meiringen,0
Meisterschwanden,3
Melano,4
Melchnau,0
Melide,4
Mellikon,3
Mellingen,1
Mels,5
Meltingen,5
Mendrisio,4
Menziken,1
Menzingen,5
Menznau,5
Merenschwand,1
Mergoscia,4
Merishausen,0
Mervelier,5
Merzligen,0
Mesocco,5
Messen,6
Mettauertal,1
Mettembert,5
Mettmenstetten,3
Metzerlen-Mariastein,5
Mex (VD),6
Meyriez,3
Meyrin,6
Mezzovico-Vira,4
Mies,6
Miglieglia,4
Milvignes,6
Minusio,4
Mirchel,0
Misery-Courtion,5
Missy,6
Miège,4
Moiry,6
Moleno,4
Mollens (VD),2
Mollens (VS),5
Molondin,6
Mont-Noble,5
Mont-Tramelan,0
Mont-la-Ville,6
Mont-sur-Rolle,6
Montagny (FR),5
Montagny-près-Yverdon,6
Montalchez,6
Montana,5
Montanaire,6
Montcherand,2
Monte Carasso,4
Monteceneri,4
Monteggio,4
Montet (Glâne),7
Montfaucon,5
Montherod,6
Monthey,5
Montilliez,6
Montpreveyres,6
Montreux,6
Montricher,6
Moosleerau,0
Moosseedorf,0
Morbio Inferiore,4
Morcote,4
Morens (FR),7
Morges,6
Morlon,5
Morrens (VD),6
Morschach,1
Mosnang,5
Mosogno,4
Moudon,6
Moutier,7
Movelier,5
Muhen,0
Mulegns,5
Mumpf,1
Mundaun,5
Muntelier,7
Muolen,5
Muotathal,1
Muralto,4
Murgenthal,0
Muri (AG),1
Muri bei Bern,6
Muriaux,6
Murist,7
Murten,7
Mutrux,2
Mutten,0
Muttenz,7
Muzzano,4
Mägenwil,1
Männedorf,3
Märstetten,1
Ménières,5
Mézières (FR),5
Mézières (VD),6
Möhlin,1
Mönchaltorf,2
Mönthal,0
Mörel-Filet,5
Mörigen,0
Möriken-Wildegg,1
Mörschwil,5
Mötschwil,0
Mühlau,1
Mühleberg,0
Mühledorf (BE),0
Mühlethurnen,0
Müllheim,1
Mülligen,0
Mümliswil-Ramiswil,5
Münchenbuchsee,2
Münchenstein,7
Münchenwiler,0
Münchwilen (AG),1
Münchwilen (TG),1
Münsingen,2
Münster-Geschinen,5
Münsterlingen,3
Müntschemier,0
Naters,5
Nebikon,6
Neckertal,1
Neerach,0
Neftenbach,1
Neggio,4
Nendaz,5
Nenzlingen,1
Nesslau,1
Neuchâtel,6
Neuendorf,5
Neuenegg,0
Neuenhof,1
Neuenkirch,5
Neuhausen am Rheinfall,2
Neuheim,5
Neunforn,0
Neunkirch,2
Neyruz (FR),5
Nidau,2
Niederbipp,0
Niederbuchsiten,5
Niederbüren,1
Niederdorf,3
Niedergesteln,5
Niederglatt,0
Niedergösgen,1
Niederhasli,0
Niederhelfenschwil,1
Niederhünigen,0
Niederlenz,3
Niedermuhlern,4
Niederried bei Interlaken,0
Niederrohrdorf,3
Niederwald,5
Niederweningen,2
Niederwil (AG),1
Niederönz,0
Niederösch,4
Nods,0
Noflen,4
Noréaz,5
Nottwil,5
Novaggio,4
Novalles,2
Novazzano,4
Noville,6
Nufenen,0
Nuglar-St. Pantaleon,3
Nunningen,5
Nusshof,2
Nuvilly,5
Nyon,6
Nürensdorf,1
Oberbalm,0
Oberbipp,0
Oberbuchsiten,5
Oberburg,0
Oberbüren,1
Oberdiessbach,0
Oberdorf (BL),3
Oberdorf (NW),0
Oberdorf (SO),6
Oberegg,5
Oberembrach,0
Oberems,5
Oberengstringen,3
Oberentfelden,1
Obergerlafingen,3
Oberglatt,0
Obergoms,5
Obergösgen,7
Oberhallau,0
Oberhelfenschwil,5
Oberhof,1
Oberhofen am Thunersee,2
Oberhünigen,0
Oberiberg,1
Oberkirch,5
Oberkulm,0
Oberlangenegg,0
Oberlunkhofen,3
Obermumpf,1
Oberried am Brienzersee,0
Oberrieden,3
Oberriet (SG),1
Oberrohrdorf,3
Oberrüti,1
Obersaxen,5
Oberschrot,5
Obersiggenthal,3
Oberstammheim,2
Obersteckholz,0
Oberthal,0
Oberuzwil,3
Oberweningen,0
Oberwil (BL),7
Oberwil bei Büren,0
Oberwil im Simmental,0
Oberwil-Lieli,3
Oberägeri,5
Oberösch,4
Obfelden,3
Ochlenberg,0
Oekingen,7
Oensingen,3
Oeschenbach,0
Oeschgen,1
Oetwil am See,0
Oetwil an der Limmat,3
Oftringen,1
Ogens,2
Ollon,6
Olsberg,3
Olten,6
Oltingen,2
Onex,6
Onnens (VD),6
Onsernone,4
Opfikon,1
Oppens,2
Oppligen,0
Orbe,6
Orges,6
Origlio,4
Ormalingen,2
Ormont-Dessous,6
Ormont-Dessus,6
Orny,6
Oron,6
Orpund,0
Orselina,4
Orsières,5
Orvin,0
Orzens,2
Osogna,4
Ossingen,0
Ostermundigen,2
Otelfingen,1
Othmarsingen,1
Ottenbach,3
Oulens-sous-Echallens,6
Pailly,6
Pampigny,6
Paradiso,4
Paudex,6
Payerne,6
Penthalaz,6
Penthaz,6
Penthéréaz,6
Perly-Certoux,6
Perrefitte,0
Perroy,6
Personico,4
Peseux,6
Petit-Val,0
Pfaffnau,5
Pfeffingen,7
Pfungen,0
Pfyn,0
Pfäfers,1
Pfäffikon,2
Pianezzo,4
Pierrafortscha,7
Pieterlen,0
Plaffeien,5
Plan-les-Ouates,6
Plasselb,1
Plateau de Diesse,2
Pleigne,5
Pohlern,0
Poliez-Pittet,7
Pollegio,4
Pompaples,6
Pomy,2
Pont-en-Ogoz,5
Pont-la-Ville,5
Ponte Capriasca,4
Ponte Tresa,4
Ponthaux,5
Pontresina,2
Porrentruy,4
Port,2
Port-Valais,5
Porza,4
Poschiavo,5
Prangins,6
Prato (Leventina),4
Pratteln,7
Pregny-Chambésy,6
Premier,2
Preonzo,4
Presinge,6
Prez-vers-Noréaz,7
Prilly,6
Provence,0
Préverenges,6
Prévondavaux,7
Prévonloup,6
Puidoux,6
Pully,6
Puplinge,6
Pura,4
Péry-La Heutte,0
Quarten,1
Quinto,4
Radelfingen,0
Rafz,0
Rain,5
Ramlinsburg,2
Ramsen,0
Rances,2
Randa,5
Randogne,5
Raperswilen,0
Rapperswil (BE),0
Rapperswil-Jona,3
Raron,5
Realp,5
Rebeuvelier,4
Rebstein,1
Rebévelier,0
Recherswil,7
Rechthalten,5
Reckingen-Gluringen,5
Reconvilier,0
Regensberg,3
Regensdorf,0
Rehetobel,6
Reichenbach im Kandertal,0
Reichenburg,1
Reiden,5
Reigoldswil,2
Reinach (AG),1
Reinach (BL),7
Reisiswil,0
Reitnau,0
Rekingen (AG),0
Remaufens,5
Remetschwil,1
Remigen,1
Renan (BE),2
Renens (VD),6
Rennaz,6
Reute (AR),6
Reutigen,0
Reverolle,6
Rheinau,2
Rheineck,1
Rheinfelden,3
Rhäzüns,5
Riaz,7
Richterswil,3
Rickenbach (BL),2
Rickenbach (LU),5
Rickenbach (SO),7
Rickenbach (TG),1
Rickenbach (ZH),0
Riddes,6
Ried bei Kerzers,3
Ried-Brig,5
Riederalp,5
Riedholz,7
Riehen,6
Riemenstalden,0
Rietheim,1
Rifferswil,2
Riggisberg,0
Ringgenberg (BE),0
Riniken,3
Riom-Parsonz,4
Risch,5
Riva San Vitale,4
Rivaz,6
Roche (VD),6
Rochefort,6
Roches (BE),0
Rocourt,4
Rodersdorf,6
Roggenburg,0
Roggliswil,5
Roggwil (BE),0
Roggwil (TG),1
Rohr (SO),5
Rohrbach,0
Rohrbachgraben,0
Rolle,6
Romainmôtier-Envy,6
Romanel-sur-Lausanne,6
Romanel-sur-Morges,6
Romanshorn,3
Romont (BE),0
Romont (FR),5
Romoos,5
Ronco sopra Ascona,4
Rongellen,1
Root,5
Ropraz,6
Rorbas,0
Rorschach,7
Rorschacherberg,3
Rossa,1
Rossemaison,4
Rossenges,6
Rossens (FR),5
Rossinière,6
Rothenbrunnen,0
Rothenburg,5
Rothenfluh,2
Rothenthurm,1
Rothrist,0
Rottenschwil,0
Rougemont,6
Roveredo (GR),1
Rovio,4
Rovray,0
Rubigen,0
Rudolfstetten-Friedlisberg,1
Rue,5
Rueyres,3
Rueyres-les-Prés,5
Rumendingen,0
Rumisberg,0
Rupperswil,1
Russikon,1
Russin,6
Russy,5
Ruswil,5
Römerswil,5
Röschenz,5
Röthenbach im Emmental,0
Rüderswil,0
Rüdlingen,0
Rüdtligen-Alchenflüh,0
Rüeggisberg,0
Rüegsau,0
Rüfenach,1
Rümikon,0
Rümlang,0
Rümligen,0
Rümlingen,2
Rünenberg,2
Rüschegg,0
Rüschlikon,6
Rüte,5
Rüthi (SG),5
Rüti (ZH),3
Rüti bei Büren,0
Rüti bei Lyssach,4
Rütschelen,0
Rüttenen,6
S-chanf,0
Saanen,0
Saas,0
Saas-Almagell,5
Saas-Balen,5
Saas-Fee,5
Saas-Grund,5
Sachseln,0
Safenwil,0
Safiental,5
Safnern,0
Sagogn,5
Saicourt,0
Saignelégier,4
Saillon,5
Saint-Aubin (FR),5
Saint-Aubin-Sauges,6
Saint-Barthélemy (VD),7
Saint-Blaise,6
Saint-Brais,5
Saint-Cergue,3
Saint-George,6
Saint-Gingolph,5
Saint-Imier,2
Saint-Livres,6
Saint-Légier-La Chiésaz,6
Saint-Léonard,5
Saint-Martin (FR),7
Saint-Martin (VS),5
Saint-Maurice,5
Saint-Oyens,6
Saint-Prex,6
Saint-Saphorin (Lavaux),6
Saint-Sulpice (VD),6
Sainte-Croix,6
Salenstein,1
Salgesch,5
Salmsach,1
Salouf,5
Salvan,4
Salvenach,1
Samedan,5
Samnaun,1
San Vittore,7
Sant'Antonino,4
Sant'Antonio,4
Santa Maria in Calanca,1
Sargans,3
Sarmenstorf,1
Sarnen,0
Sarzens,6
Satigny,6
Sattel,5
Saubraz,2
Sauge,0
Saulcy,5
Saules (BE),0
Savigny,6
Savièse,5
Savognin,5
Savosa,4
Saxeten,0
Saxon,7
Schaffhausen,2
Schafisheim,1
Schangnau,0
Scharans,0
Schattdorf,1
Schattenhalb,0
Schelten,0
Schenkon,5
Scherz,0
Scheuren,0
Schiers,0
Schinznach,1
Schinznach-Bad,3
Schlatt (TG),0
Schlatt (ZH),0
Schlatt-Haslen,5
Schleinikon,0
Schleitheim,0
Schlierbach,5
Schlieren,3
Schlossrued,0
Schlosswil,0
Schluein,5
Schmerikon,3
Schmiedrued,0
Schmitten (FR),5
Schmitten (GR),5
Schneisingen,1
Schnottwil,6
Schongau,5
Schupfart,1
Schwaderloch,0
Schwadernau,0
Schwanden bei Brienz,0
Schwarzenberg,5
Schwarzenburg,0
Schwarzhäusern,0
Schwellbrunn,0
Schwende,5
Schwendibach,0
Schwerzenbach,2
Schwyz,5
Schänis,5
Schöfflisdorf,1
Schöftland,1
Schönenberg (ZH),1
Schönenbuch,3
Schönengrund,0
Schönenwerd,7
Schönholzerswilen,0
Schötz,5
Schübelbach,1
Schüpfen,0
Schüpfheim,5
Scuol,0
Seeberg,0
Seedorf (BE),0
Seedorf (UR),5
Seegräben,2
Seehof,0
Seelisberg,5
Seengen,1
Seewen,5
Seewis im Prättigau,0
Seftigen,0
Seltisberg,6
Selzach,3
Sembrancher,5
Sementina,4
Sempach,5
Semsales,5
Senarclens,6
Sennwald,1
Senèdes,7
Seon,1
Sergey,0
Serravalle,4
Servion,6
Sessa,4
Seuzach,1
Sevelen,1
Siblingen,0
Sierre,5
Siglistorf,0
Signau,0
Signy-Avenex,6
Sigriswil,0
Silenen,5
Sils im Domleschg,0
Sils im Engadin/Segl,6
Silvaplana,6
Simplon,5
Sins,1
Sion,5
Sirnach,1
Siselen,0
Sisikon,0
Sissach,6
Sisseln,1
Siviriez,5
Soazza,5
Sobrio,4
Solothurn,6
Sommeri,0
Sonceboz-Sombeval,0
Sonogno,4
Sonvilier,0
Soral,5
Sorengo,4
Sorens,7
Sorvilier,6
Soubey,5
Soyhières,5
Speicher,6
Spiez,0
Spiringen,5
Splügen,0
Spreitenbach,1
St. Antoni,5
St. Antönien,0
St. Gallen,7
St. Margrethen,1
St. Moritz,6
St. Niklaus,5
St. Silvester,1
St. Stephan,0
St. Ursen,5
Stabio,4
Stadel,0
Staffelbach,0
Stalden (VS),5
Staldenried,5
Stallikon,3
Stans,0
Stansstad,0
Starrkirch-Wil,7
Staufen,3
Steckborn,3
Steffisburg,0
Steg-Hohtenn,5
Stein (AG),1
Stein (AR),6
Stein am Rhein,0
Steinach,1
Steinen,5
Steinerberg,1
Steinhausen,5
Steinmaur,0
Stetten (AG),1
Stetten (SH),0
Stettfurt,1
Stettlen,0
Stocken-Höfen,0
Strengelbach,0
Studen (BE),0
Stäfa,3
Stüsslingen,7
Subingen,7
Suchy,6
Sufers,4
Suhr,3
Sulgen,1
Sullens,2
Sumiswald,0
Sumvitg,5
Sur,5
Surpierre,5
Sursee,5
Suscévaz,2
Sutz-Lattrigen,0
Syens,6
Sâles,5
Sévaz,7
Sévery,6
Tafers,5
Tamins,0
Tannay,6
Tartegnin,6
Tavannes,0
Tecknau,0
Tegerfelden,1
Tenero-Contra,4
Tenniken,6
Tentlingen,5
Termen,5
Terre di Pedemonte,4
Teufen (AR),6
Teufenthal (AG),1
Teuffenthal (BE),0
Thal,1
Thalheim (AG),0
Thalheim an der Thur,0
Thalwil,6
Thayngen,0
Therwil,7
Thierachern,0
Thun,0
Thundorf,0
Thunstetten,0
Thusis,5
Thônex,6
Thörigen,0
Thürnen,2
Tinizong-Rona,4
Titterten,2
Tobel-Tägerschen,0
Toffen,0
Tolochenaz,6
Torny,5
Torricella-Taverne,4
Trachselwald,0
Tramelan,2
Trasadingen,2
Treiten,0
Trey,6
Treycovagnes,2
Treytorrens (Payerne),2
Treyvaux,5
Triengen,5
Trient,6
Trimbach,7
Trimmis,1
Trin,6
Trogen,6
Troinex,6
Troistorrents,5
Trub,0
Trubschachen,0
Trun,5
Truttikon,0
Trélex,6
Trüllikon,0
Tschappina,4
Tschiertschen-Praden,5
Tschugg,0
Tuggen,1
Tujetsch,5
Turbenthal,0
Turgi,7
Turtmann-Unterems,5
Twann-Tüscherz,2
Tägerig,1
Tägertschi,0
Tägerwilen,3
Täsch,5
Täuffelen,0
Tévenon,6
Törbel,5
Tübach,1
Udligenswil,7
Ueberstorf,5
Uebeschi,0
Ueken,1
Uerkheim,0
Uesslingen-Buch,1
Uetendorf,0
Uetikon am See,3
Uezwil,1
Ufhusen,5
Uitikon,6
Ulmiz,1
Unterbäch,5
Untereggen,1
Unterengstringen,3
Unterentfelden,3
Unteriberg,0
Unterkulm,0
Unterlangenegg,0
Unterlunkhofen,1
Unterramsern,6
Unterschächen,5
Unterseen,0
Untersiggenthal,3
Unterstammheim,2
Untervaz,1
Unterägeri,5
Urdorf,3
Urmein,5
Urnäsch,0
Ursenbach,0
Ursins,2
Ursy,5
Urtenen-Schönbühl,0
Uster,2
Uttigen,0
Uttwil,3
Utzenstorf,0
Uznach,1
Uzwil,1
Vacallo,4
Val Müstair,5
Val Terbi,4
Val-d'Illiez,5
Val-de-Charmey,5
Val-de-Ruz,6
Val-de-Travers,6
Valangin,6
Valbirse,0
Valbroye,6
Valeyres-sous-Montagny,6
Valeyres-sous-Rances,3
Valeyres-sous-Ursins,0
Vallon,5
Vallorbe,6
Vals,5
Valsot,4
Vandoeuvres,6
Varen,5
Vaulion,6
Vaulruz,5
Vaumarcus,6
Vaux-sur-Morges,6
Vaz/Obervaz,5
Vechigen,0
Vellerat,4
Veltheim (AG),0
Vendlincourt,5
Venthône,4
Verdabbio,5
Vergeletto,4
Vernate,4
Vernay,7
Vernayaz,4
Vernier,6
Versoix,6
Vevey,6
Vex,5
Veyras,5
Veyrier,6
Veysonnaz,5
Veytaux,6
Vezia,4
Vich,6
Vico Morcote,4
Villarepos,7
Villars-Epeney,0
Villars-Sainte-Croix,6
Villars-le-Comte,0
Villars-le-Terroir,7
Villars-sous-Yens,6
Villars-sur-Glâne,4
Villarsel-sur-Marly,4
Villarzel,6
Villaz-Saint-Pierre,7
Villeneuve (FR),5
Villeneuve (VD),6
Villeret,2
Villigen,1
Villmergen,1
Villnachern,3
Villorsonnens,5
Vilters-Wangs,1
Vinelz,0
Vinzel,6
Vionnaz,5
Visp,5
Visperterminen,5
Vitznau,7
Vogorno,4
Volken,0
Volketswil,0
Vollèges,5
Vordemwald,0
Vorderthal,0
Vouvry,6
Vuadens,5
Vuarrens,6
Vucherens,6
Vufflens-la-Ville,6
Vufflens-le-Château,6
Vugelles-La Mothe,0
Vuissens,5
Vuisternens-devant-Romont,5
Vuisternens-en-Ogoz,5
Vuiteboeuf,2
Vulliens,6
Vullierens,6
Vully-les-Lacs,6
Vérossaz,4
Vétroz,4
Wachseldorn,0
Wagenhausen,0
Wahlen,5
Walchwil,5
Wald (AR),6
Wald (BE),0
Wald (ZH),3
Waldenburg,2
Waldkirch,5
Waldstatt,6
Walenstadt,1
Walkringen,0
Wallbach,1
Wallenried,7
Wallisellen,3
Walliswil bei Niederbipp,0
Walliswil bei Wangen,0
Walperswil,0
Waltalingen,0
Waltensburg/Vuorz,5
Waltenschwil,1
Walterswil (BE),0
Walterswil (SO),1
Walzenhausen,2
Wangen (SZ),1
Wangen an der Aare,0
Wangen bei Olten,7
Wangen-Brüttisellen,1
Wangenried,0
Wartau,3
Warth-Weiningen,1
Wassen,5
Wasterkingen,0
Wattenwil,0
Wattwil,1
Wauwil,5
Weesen,3
Wegenstetten,1
Weggis,7
Weiach,0
Weinfelden,3
Weiningen (ZH),1
Weisslingen,0
Welschenrohr,5
Wengi,0
Wenslingen,2
Werthenstein,5
Wettingen,3
Wettswil am Albis,3
Wetzikon (ZH),2
Wichtrach,0
Widen,1
Widnau,1
Wiedlisbach,0
Wiesendangen,1
Wiggiswil,0
Wigoltingen,1
Wikon,1
Wil (SG),3
Wil (ZH),0
Wila,0
Wilchingen,0
Wildberg,0
Wilderswil,0
Wildhaus-Alt St. Johann,1
Wilen (TG),1
Wiler (Lötschen),5
Wiler bei Utzenstorf,0
Wileroltigen,0
Wiliberg,0
Willadingen,0
Willisau,5
Wimmis,0
Windisch,3
Winkel,1
Wintersingen,2
Winterthur,6
Winznau,7
Wisen (SO),7
Wislikofen,1
Wittenbach,3
Witterswil,7
Wittinsburg,2
Wittnau,1
Wohlen (AG),3
Wohlen bei Bern,2
Wohlenschwil,1
Wolfenschiessen,0
Wolfhalden,6
Wolfisberg,0
Wolfwil,5
Wolhusen,5
Wollerau,7
Worb,2
Worben,0
Wuppenau,1
Wynau,0
Wynigen,0
Wyssachen,0
Wädenswil,3
Wäldi,0
Wängi,1
Wölflinswil,1
Wünnewil-Flamatt,5
Würenlingen,1
Würenlos,1
Yens,6
Yverdon-les-Bains,6
Yvonand,6
Yvorne,6
Zeglingen,2
Zeihen,1
Zeiningen,3
Zell (LU),5
Zell (ZH),0
Zeneggen,5
Zermatt,5
Zernez,0
Zetzwil,0
Ziefen,2
Zielebach,0
Zihlschlacht-Sitterdorf,1
Zillis-Reischen,0
Zizers,0
Zofingen,3
Zollikofen,2
Zollikon,6
Zuchwil,7
Zufikon,1
Zug,7
Zullwil,1
Zumholz,5
Zumikon,6
Zunzgen,2
Zuoz,4
Zuzgen,0
Zuzwil (BE),0
Zuzwil (SG),1
Zweisimmen,0
Zwieselberg,0
Zwingen,5
Zwischbergen,1
Zäziwil,0
Zürich,6
Sternenberg,0
Bertschikon,1
La Heutte,0
Plagne,0
Vauffelin,0
Etzelkofen,0
Grafenried,0
Limpach,0
Schalunen,0
Scheunen,0
Zauggenried,0
Bleiken bei Oberdiessbach,0
Malleray,0
Monible,0
Pontenet,0
Sornetan,0
Souboz,0
Diesse,2
Lamboing,2
Niederstocken,0
Oberstocken,0
Gadmen,0
Cerniat (FR),5
Charmey,5
Staatswald Galm,7
Aetigkofen,6
Aetingen,6
Bibern (SO),6
Gossliwil,6
Hessigkofen,6
Kyburg-Buchegg,6
Tscheppach,6
Alvaschein,5
Mon,5
Stierva,5
Tiefencastel,5
Alvaneu,5
Brienz/Brinzauls,5
Surava,5
Castrisch,5
Ilanz,5
Ladir,5
Luven,5
Pitasch,5
Riein,5
Ruschein,5
Schnaus,5
Sevgein,5
Duvin,5
St. Martin,5
Pigniu,5
Rueun,5
Siat,5
Almens,5
Paspels,5
Pratval,5
Rodels,5
Tomils,5
Ardez,4
Guarda,4
Lavin,0
Susch,0
Tarasp,4
Ftan,4
Sent,4
Arvigo,5
Braggio,5
Cauco,5
Selma,5
Hermetschwil-Staffeln,3
Oberflachs,1
Schinznach-Dorf,1
Unterendingen,3
Cavigliano,4
Tegna,4
Verscio,4
Bogno,4
Cadro,4
Carona,4
Certara,4
Cimadera,4
Sonvico,4
Valcolla,4
Besazio,4
Ligornetto,4
Meride,4
Comunanza Cadenazzo/Monteceneri,4
Arzier,6
Betten,5
Martisberg,5
